,runtime,energy,gops_w,%R,%W,%L,data_movement_runtime,data_movement_energy
bank-simd_mem-ddr_ranks-20_banks-16_subarr-32_rows-1024_cols-2048_gemv_v1_4096,0.795525,17.577602,1.908931,29.0598,32.4786,38.4615,0.137329,1.371096
bank-simd_mem-ddr_ranks-20_banks-128_subarr-32_rows-1024_cols-8192_gemv_v1_4096,0.724132,37.657526,0.891042,59.1549,32.3944,8.4507,0.137329,1.371096
bank-simd_mem-ddr_ranks-20_banks-128_subarr-32_rows-1024_cols-1024_gemv_v1_4096,0.724132,37.657526,0.891042,59.1549,32.3944,8.4507,0.137329,1.371096
bank-simd_mem-ddr_ranks-20_banks-128_subarr-32_rows-1024_cols-2048_gemv_v1_4096,0.724132,37.657526,0.891042,59.1549,32.3944,8.4507,0.137329,1.371096
bank-simd_mem-ddr_ranks-20_banks-128_subarr-32_rows-1024_cols-4096_gemv_v1_4096,0.724132,37.657526,0.891042,59.1549,32.3944,8.4507,0.137329,1.371096
bank-simd_mem-ddr_ranks-20_banks-16_subarr-32_rows-1024_cols-1024_gemv_v1_4096,0.795525,17.577602,1.908931,29.0598,32.4786,38.4615,0.137329,1.371096
bank-simd_mem-ddr_ranks-20_banks-16_subarr-32_rows-1024_cols-4096_gemv_v1_4096,0.795525,17.577602,1.908931,29.0598,32.4786,38.4615,0.137329,1.371096
bank-simd_mem-ddr_ranks-20_banks-16_subarr-32_rows-1024_cols-8192_gemv_v1_4096,0.795525,17.577602,1.908931,29.0598,32.4786,38.4615,0.137329,1.371096
bank-simd_mem-ddr_ranks-20_banks-32_subarr-32_rows-1024_cols-4096_gemv_v1_4096,0.724132,20.668286,1.623474,42.2535,32.3944,25.3521,0.137329,1.371096
bank-simd_mem-ddr_ranks-20_banks-32_subarr-32_rows-1024_cols-8192_gemv_v1_4096,0.724132,20.668286,1.623474,42.2535,32.3944,25.3521,0.137329,1.371096
bank-simd_mem-ddr_ranks-20_banks-32_subarr-32_rows-1024_cols-2048_gemv_v1_4096,0.724132,20.668286,1.623474,42.2535,32.3944,25.3521,0.137329,1.371096
bank-simd_mem-ddr_ranks-20_banks-32_subarr-32_rows-1024_cols-1024_gemv_v1_4096,0.724132,20.668286,1.623474,42.2535,32.3944,25.3521,0.137329,1.371096
bank-simd_mem-ddr_ranks-20_banks-64_subarr-32_rows-1024_cols-1024_gemv_v1_4096,0.724132,26.331366,1.274314,53.5211,32.3944,14.0845,0.137329,1.371096
bank-simd_mem-ddr_ranks-20_banks-64_subarr-32_rows-1024_cols-2048_gemv_v1_4096,0.724132,26.331366,1.274314,53.5211,32.3944,14.0845,0.137329,1.371096
bank-simd_mem-ddr_ranks-20_banks-64_subarr-32_rows-1024_cols-4096_gemv_v1_4096,0.724132,26.331366,1.274314,53.5211,32.3944,14.0845,0.137329,1.371096
bank-simd_mem-ddr_ranks-20_banks-64_subarr-32_rows-1024_cols-8192_gemv_v1_4096,0.724132,26.331366,1.274314,53.5211,32.3944,14.0845,0.137329,1.371096
bank-simd_mem-gddr_ranks-20_banks-128_subarr-32_rows-1024_cols-1024_gemv_v1_4096,0.663884,56.677885,0.592020,63.3745,32.9218,3.7037,0.010976,0.080345
bank-simd_mem-gddr_ranks-20_banks-128_subarr-32_rows-1024_cols-2048_gemv_v1_4096,0.663884,56.677885,0.592020,63.3745,32.9218,3.7037,0.010976,0.080345
bank-simd_mem-gddr_ranks-20_banks-128_subarr-32_rows-1024_cols-4096_gemv_v1_4096,0.663884,56.677885,0.592020,63.3745,32.9218,3.7037,0.010976,0.080345
bank-simd_mem-gddr_ranks-20_banks-128_subarr-32_rows-1024_cols-8192_gemv_v1_4096,0.663884,56.677885,0.592020,63.3745,32.9218,3.7037,0.010976,0.080345
bank-simd_mem-gddr_ranks-20_banks-16_subarr-32_rows-1024_cols-1024_gemv_v1_4096,0.663884,12.952504,2.590575,60.9053,32.9218,6.1728,0.010976,0.080345
bank-simd_mem-gddr_ranks-20_banks-16_subarr-32_rows-1024_cols-2048_gemv_v1_4096,0.663884,12.952504,2.590575,60.9053,32.9218,6.1728,0.010976,0.080345
bank-simd_mem-gddr_ranks-20_banks-16_subarr-32_rows-1024_cols-4096_gemv_v1_4096,0.663884,12.952504,2.590575,60.9053,32.9218,6.1728,0.010976,0.080345
bank-simd_mem-gddr_ranks-20_banks-16_subarr-32_rows-1024_cols-8192_gemv_v1_4096,0.663884,12.952504,2.590575,60.9053,32.9218,6.1728,0.010976,0.080345
bank-simd_mem-gddr_ranks-20_banks-32_subarr-32_rows-1024_cols-2048_gemv_v1_4096,0.663884,17.814193,1.883579,63.3745,32.9218,3.7037,0.010976,0.080345
bank-simd_mem-gddr_ranks-20_banks-32_subarr-32_rows-1024_cols-1024_gemv_v1_4096,0.663884,17.814193,1.883579,63.3745,32.9218,3.7037,0.010976,0.080345
bank-simd_mem-gddr_ranks-20_banks-32_subarr-32_rows-1024_cols-4096_gemv_v1_4096,0.663884,17.814193,1.883579,63.3745,32.9218,3.7037,0.010976,0.080345
bank-simd_mem-gddr_ranks-20_banks-32_subarr-32_rows-1024_cols-8192_gemv_v1_4096,0.663884,17.814193,1.883579,63.3745,32.9218,3.7037,0.010976,0.080345
bank-simd_mem-gddr_ranks-20_banks-64_subarr-32_rows-1024_cols-1024_gemv_v1_4096,0.663884,30.768757,1.090536,63.3745,32.9218,3.7037,0.010976,0.080345
bank-simd_mem-gddr_ranks-20_banks-64_subarr-32_rows-1024_cols-2048_gemv_v1_4096,0.663884,30.768757,1.090536,63.3745,32.9218,3.7037,0.010976,0.080345
bank-simd_mem-gddr_ranks-20_banks-64_subarr-32_rows-1024_cols-4096_gemv_v1_4096,0.663884,30.768757,1.090536,63.3745,32.9218,3.7037,0.010976,0.080345
bank-simd_mem-gddr_ranks-20_banks-64_subarr-32_rows-1024_cols-8192_gemv_v1_4096,0.663884,30.768757,1.090536,63.3745,32.9218,3.7037,0.010976,0.080345
bank-simd_mem-hbm_ranks-20_banks-128_subarr-32_rows-1024_cols-1024_gemv_v1_4096,0.593920,111.512846,0.300902,59.3103,32.4138,8.2759,0.012336,0.032566
bank-simd_mem-hbm_ranks-20_banks-128_subarr-32_rows-1024_cols-2048_gemv_v1_4096,0.593920,111.512846,0.300902,59.3103,32.4138,8.2759,0.012336,0.032566
bank-simd_mem-hbm_ranks-20_banks-128_subarr-32_rows-1024_cols-8192_gemv_v1_4096,0.593920,111.512846,0.300902,59.3103,32.4138,8.2759,0.012336,0.032566
bank-simd_mem-hbm_ranks-20_banks-128_subarr-32_rows-1024_cols-4096_gemv_v1_4096,0.593920,111.512846,0.300902,59.3103,32.4138,8.2759,0.012336,0.032566
bank-simd_mem-hbm_ranks-20_banks-16_subarr-32_rows-1024_cols-1024_gemv_v1_4096,0.593920,25.843991,1.298346,53.7931,32.4138,13.7931,0.012336,0.032566
bank-simd_mem-hbm_ranks-20_banks-16_subarr-32_rows-1024_cols-2048_gemv_v1_4096,0.593920,25.843991,1.298346,53.7931,32.4138,13.7931,0.012336,0.032566
bank-simd_mem-hbm_ranks-20_banks-16_subarr-32_rows-1024_cols-4096_gemv_v1_4096,0.593920,25.843991,1.298346,53.7931,32.4138,13.7931,0.012336,0.032566
bank-simd_mem-hbm_ranks-20_banks-32_subarr-32_rows-1024_cols-1024_gemv_v1_4096,0.593920,29.054173,1.154892,59.3103,32.4138,8.2759,0.012336,0.032566
bank-simd_mem-hbm_ranks-20_banks-32_subarr-32_rows-1024_cols-2048_gemv_v1_4096,0.593920,29.054173,1.154892,59.3103,32.4138,8.2759,0.012336,0.032566
bank-simd_mem-hbm_ranks-20_banks-32_subarr-32_rows-1024_cols-4096_gemv_v1_4096,0.593920,29.054173,1.154892,59.3103,32.4138,8.2759,0.012336,0.032566
bank-simd_mem-hbm_ranks-20_banks-16_subarr-32_rows-1024_cols-8192_gemv_v1_4096,0.593920,25.843991,1.298346,53.7931,32.4138,13.7931,0.012336,0.032566
bank-simd_mem-hbm_ranks-20_banks-32_subarr-32_rows-1024_cols-8192_gemv_v1_4096,0.593920,29.054173,1.154892,59.3103,32.4138,8.2759,0.012336,0.032566
bank-simd_mem-hbm_ranks-20_banks-64_subarr-32_rows-1024_cols-1024_gemv_v1_4096,0.593920,56.540398,0.593459,59.3103,32.4138,8.2759,0.012336,0.032566
bank-simd_mem-hbm_ranks-20_banks-64_subarr-32_rows-1024_cols-2048_gemv_v1_4096,0.593920,56.540398,0.593459,59.3103,32.4138,8.2759,0.012336,0.032566
bank-simd_mem-hbm_ranks-20_banks-64_subarr-32_rows-1024_cols-4096_gemv_v1_4096,0.593920,56.540398,0.593459,59.3103,32.4138,8.2759,0.012336,0.032566
bank-simd_mem-hbm_ranks-20_banks-64_subarr-32_rows-1024_cols-8192_gemv_v1_4096,0.593920,56.540398,0.593459,59.3103,32.4138,8.2759,0.012336,0.032566
bank-simd_mem-lpddr_ranks-20_banks-128_subarr-32_rows-1024_cols-1024_gemv_v1_4096,0.499753,43.851350,0.765186,55.7823,31.9728,12.2449,0.137329,0.619631
bank-simd_mem-lpddr_ranks-20_banks-128_subarr-32_rows-1024_cols-2048_gemv_v1_4096,0.499753,43.851350,0.765186,55.7823,31.9728,12.2449,0.137329,0.619631
bank-simd_mem-lpddr_ranks-20_banks-128_subarr-32_rows-1024_cols-4096_gemv_v1_4096,0.499753,43.851350,0.765186,55.7823,31.9728,12.2449,0.137329,0.619631
bank-simd_mem-lpddr_ranks-20_banks-128_subarr-32_rows-1024_cols-8192_gemv_v1_4096,0.499753,43.851350,0.765186,55.7823,31.9728,12.2449,0.137329,0.619631
bank-simd_mem-lpddr_ranks-20_banks-16_subarr-32_rows-1024_cols-1024_gemv_v1_4096,0.499753,10.831086,3.097975,47.6190,31.9728,20.4082,0.137329,0.619631
bank-simd_mem-lpddr_ranks-20_banks-16_subarr-32_rows-1024_cols-2048_gemv_v1_4096,0.499753,10.831086,3.097975,47.6190,31.9728,20.4082,0.137329,0.619631
bank-simd_mem-lpddr_ranks-20_banks-16_subarr-32_rows-1024_cols-4096_gemv_v1_4096,0.499753,10.831086,3.097975,47.6190,31.9728,20.4082,0.137329,0.619631
bank-simd_mem-lpddr_ranks-20_banks-16_subarr-32_rows-1024_cols-8192_gemv_v1_4096,0.499753,10.831086,3.097975,47.6190,31.9728,20.4082,0.137329,0.619631
bank-simd_mem-lpddr_ranks-20_banks-32_subarr-32_rows-1024_cols-1024_gemv_v1_4096,0.499753,12.654002,2.651685,55.7823,31.9728,12.2449,0.137329,0.619631
bank-simd_mem-lpddr_ranks-20_banks-32_subarr-32_rows-1024_cols-2048_gemv_v1_4096,0.499753,12.654002,2.651685,55.7823,31.9728,12.2449,0.137329,0.619631
bank-simd_mem-lpddr_ranks-20_banks-32_subarr-32_rows-1024_cols-4096_gemv_v1_4096,0.499753,12.654002,2.651685,55.7823,31.9728,12.2449,0.137329,0.619631
bank-simd_mem-lpddr_ranks-20_banks-32_subarr-32_rows-1024_cols-8192_gemv_v1_4096,0.499753,12.654002,2.651685,55.7823,31.9728,12.2449,0.137329,0.619631
bank-simd_mem-lpddr_ranks-20_banks-64_subarr-32_rows-1024_cols-1024_gemv_v1_4096,0.499753,23.053118,1.455527,55.7823,31.9728,12.2449,0.137329,0.619631
bank-simd_mem-lpddr_ranks-20_banks-64_subarr-32_rows-1024_cols-2048_gemv_v1_4096,0.499753,23.053118,1.455527,55.7823,31.9728,12.2449,0.137329,0.619631
bank-simd_mem-lpddr_ranks-20_banks-64_subarr-32_rows-1024_cols-4096_gemv_v1_4096,0.499753,23.053118,1.455527,55.7823,31.9728,12.2449,0.137329,0.619631
bank-simd_mem-lpddr_ranks-20_banks-64_subarr-32_rows-1024_cols-8192_gemv_v1_4096,0.499753,23.053118,1.455527,55.7823,31.9728,12.2449,0.137329,0.619631
